id,key,court_name_short,court_name_full,address_line_1,address_line_2,address_line_3,city,postcode,latitude,longitude,region,type,other_names
1,aberystwyth_justice_centre,Aberystwyth,Aberystwyth Justice Centre,Y Lanfa,Trefechan,,Aberystwyth,SY23 1AS,52.40907539,-4.087114879,Wales,magistrates,Aberystwyth Justice Centre
2,aldershot_magistrates_court,Aldershot,Aldershot Magistrates' Court,The Court House,Civic Centre,,Aldershot,GU11 1NY,51.25049745,-0.7689492381,South East,magistrates,Aldershot Magistrates' Court
3,amersham_law_courts,Amersham,Amersham Law Courts,King George V Road,,,Amersham,HP6 5AJ,51.67467029,-0.6028526369,South East,magistrates,Amersham Law Courts
188,tameside_magistrates_court,Ashton-Under-Lyne,Tameside Magistrates' Court,Henry Square,,,Ashton-Under-Lyne,OL6 7TP,53.48570431,-2.10219685,North West,magistrates,Tameside Magistrates' Court
4,aylesbury_magistrates_court_and_family_court,Aylesbury,Aylesbury Magistrates' Court and Family Court,Walton Street,,,Aylesbury,HP21 7QZ,51.81078,-0.808171,South East,"family, magistrates",Aylesbury Magistrates' Court and Family Court
44,central_buckinghamshire_magistrates_court_and_family_court,Aylesbury (Central Buckinghamshire),Central Buckinghamshire Magistrates' Court and Family Court,Walton Street,,,Aylesbury,HP21 7QZ,51.81078,-0.808171,South East,"family, magistrates",Central Buckinghamshire Magistrates' Court and Family Court
5,banbury_magistrates_court_and_family_court,Banbury,Banbury Magistrates' Court and Family Court,The Court House,Warwick Road,,Banbury,OX16 2AW,52.06387783,-1.340843077,South East,"family, magistrates",Banbury Magistrates' Court and Family Court
7,barnstaple_magistrates_court_north_and_east_devon,Barnstaple,Barnstaple Magistrates' Court - North and East Devon,The Law Courts,Civic Centre,,Barnstaple,EX31 1DX,51.08127173,-4.065455625,South West,magistrates,Barnstaple Magistrates’ Court - North and East Devon
8,barrow_in_furness_magistrates_court,Barrow-in-Furness,Barrow-in-Furness Magistrates' Court,Abbey Road,,,Barrow-in-Furness,LA14 5QX,54.11652595,-3.227592954,North West,magistrates,Barrow-in-Furness Magistrates' Court
198,vale_of_glamorgan_magistrates_court,Barry,Vale of Glamorgan Magistrates' Court,Thompson Street,,,Barry,CF63 4SX,51.404359,-3.269483,Wales,magistrates,Vale of Glamorgan Magistrates' Court
9,basildon_magistrates_court_and_family_court,Basildon,Basildon Magistrates' Court and Family Court,The Court House,Great Oaks,,Basildon,SS14 1EH,51.5717701,0.4582277051,East of England,"family, magistrates",Basildon Magistrates' Court and Family Court
10,basingstoke_magistrates_court,Basingstoke,Basingstoke Magistrates' Court,The Court House,London Road,,Basingstoke,RG21 4AB,51.26321781,-1.083209197,South East,magistrates,Basingstoke Magistrates' Court
11,bath_magistrates_court,Bath,Bath Magistrates' Court,North Parade Road,,,Bath,BA1 5AF,51.3811734,-2.352318238,South West,magistrates,Bath Magistrates' Court
12,bedford_and_mid_beds_magistrates_court_and_family_court,Bedford,Bedford and Mid Beds Magistrates' Court and Family Court,Shire Hall,3 St Paul's Square,,Bedford,MK40 1SQ,52.13507175,-0.4669583736,East of England,"family, magistrates",Bedford and Mid Beds Magistrates' Court and Family Court
14,berwick_upon_tweed_magistrates_court,Berwick upon Tweed,Berwick upon Tweed Magistrates' Court,40 Church Street,,,Berwick upon Tweed,TD15 1DX,55.76983833,-2.001919014,North East,magistrates,Berwick upon Tweed Magistrates' Court
15,beverley_magistrates_court_and_family_court,Beverley,Beverley Magistrates' Court and Family Court,The Court House,Champney Road,,Beverley,HU17 9EJ,53.84041349,-0.4285823691,Yorkshire and The Humber,"family, magistrates",Beverley Magistrates' Court and Family Court
16,bexley_magistrates_court_and_family_court,Bexleyheath,Bexley Magistrates' Court and Family Court,Norwich Place,,,Bexleyheath,DA6 7ND,51.45518185,0.1478996241,London,"family, magistrates",Bexley Magistrates' Court and Family Court
17,bicester_magistrates_court_and_family_court,Bicester,Bicester Magistrates' Court and Family Court,Waverley House,Queens Avenue,,Bicester,OX26 2NZ,51.89916683,-1.157833574,South East,"family, magistrates",Bicester Magistrates' Court and Family Court
214,wirral_magistrates_court,Birkenhead,Wirral Magistrates' Court,Chester Street,,,Birkenhead,CH41 5HW,53.39296361,-3.013473552,North West,magistrates,Wirral Magistrates' Court
18,birmingham_magistrates_court,Birmingham,Birmingham Magistrates' Court,Victoria Law Courts,Corporation Street,,Birmingham,B4 6QA,52.48363978,-1.893860544,West Midlands,magistrates,Birmingham Magistrates' Court
19,blackburn_magistrates_court,Blackburn,Blackburn Magistrates' Court,The Court House,Northgate,,Blackburn,BB2 1AA,53.74975197,-2.486362369,North West,magistrates,Blackburn Magistrates' Court
20,blackpool_magistrates_court,Blackpool,Blackpool Magistrates' Court,Civic Centre,Chapel Street,,Blackpool,FY1 5DQ,53.81180212,-3.05383687,North West,magistrates,Blackpool Magistrates' Court
21,bodmin_magistrates_court,Bodmin,Bodmin Magistrates' Court,Launceston Road,,,Bodmin,PL31 2AL,50.46953486,-4.70886602,South West,magistrates,Bodmin Magistrates' Court
22,bolton_magistrates_court,Bolton,Bolton Magistrates' Court,The Courts,Le Mans Crescent,,Bolton,BL1 1UA,53.57859099,-2.431895843,North West,magistrates,Bolton Magistrates' Court
23,boston_magistrates_court,Boston,Boston Magistrates' Court,55 Norfolk Street,,,Boston,PE21 6PE,52.98304047,-0.02493841972,East Midlands,magistrates,Boston Magistrates' Court
24,bournemouth_magistrates_court,Bournemouth,Bournemouth Magistrates' Court,The Law Courts,Stafford Road,,Bournemouth,BH1 1JH,50.72311607,-1.868892619,South West,magistrates,Bournemouth Magistrates' Court
25,bradford_and_keighley_magistrates_court,Bradford,Bradford and Keighley Magistrates' Court,The Tyrls,,,Bradford,BD1 1LA,53.79176901,-1.754176008,Yorkshire and The Humber,magistrates,Bradford and Keighley Magistrates' Court
26,bridlington_magistrates_court_and_family_court,Bridlington,Bridlington Magistrates' Court and Family Court,The Court House,Quay Road,,Bridlington,YO16 4EJ,54.08519468,-0.2001878594,Yorkshire and The Humber,"family, magistrates",Bridlington Magistrates' Court and Family Court
27,brighton_magistrates_court_and_family_court,Brighton,Brighton Magistrates' Court and Family Court,The Law Courts,Edward Street,,Brighton,BN2 0LG,50.82322591,-0.1342970031,South East,"family, magistrates",Brighton Magistrates' Court and Family Court
28,bristol_magistrates_court,Bristol,Bristol Magistrates' Court,Marlborough Street,,,Bristol,BS1 3NU,51.45948214,-2.593019403,South West,magistrates,Bristol Magistrates' Court
134,north_avon_magistrates_court,Bristol,North Avon Magistrates' Court,Kennedy Way,Yate,,Bristol,BS37 4PY,51.539722,-2.41684,South West,magistrates,North Avon Magistrates' Court
29,bromley_magistrates_court,Bromley,Bromley Magistrates' Court,The Court House,1 London Road,,Bromley,BR1 1RA,51.40771907,0.01096984536,London,magistrates,Bromley Magistrates' Court
30,burnley_magistrates_court,Burnley,Burnley Magistrates' Court,The Court House,Parker Lane,,Burnley,BB11 2BS,53.78707553,-2.242125854,North West,magistrates,Burnley Magistrates' Court
31,bury_and_rochdale_magistrates_court,Bury,Bury and Rochdale Magistrates' Court,The Courthouse,Tenters Street,,Bury,BL9 0HX,53.59303845,-2.305435618,North West,magistrates,Bury and Rochdale Magistrates' Court
32,bury_st_edmunds_magistrates_court_and_family_court,Bury St Edmunds,Bury St Edmunds Magistrates' Court and Family Court,Shire Hall,Honey Hill,,Bury St Edmunds,IP33 1HF,52.242503,0.719563,East of England,"family, magistrates",Bury St Edmunds Magistrates' Court and Family Court
33,buxton_magistrates_court_and_family_court,Buxton,Buxton Magistrates' Court and Family Court,Peak Buildings,Terrace Road,,Buxton,SK17 6DY,53.256792,-1.913081,North West,"family, magistrates",Buxton Magistrates' Court and Family Court
95,high_peak_magistrates_court,Buxton,High Peak Magistrates' Court,Peak Buildings,Terrace Road,,Buxton,SK17 6DY,53.256792,-1.913081,North West,magistrates,High Peak Magistrates' Court
34,caernarfon_magistrates_court_and_family_court,Caernarfon,Caernarfon Magistrates' Court and Family Court,Llanberis Road,,,Caernarfon,LL55 2DF,53.14072879,-4.264067316,Wales,"family, magistrates","Caernarfon Magistrates' Court and Family Court, Caernarfon Criminal Justice Centre"
35,caerphilly_magistrates_court,Caerphilly,Caerphilly Magistrates' Court,The Court House,Mountain Road,,Caerphilly,CF83 1HG,51.56949679,-3.217402378,Wales,magistrates,Caerphilly Magistrates' Court
38,cambridge_magistrates_court,Cambridge,Cambridge Magistrates' Court,12 St Andrews Street,,,Cambridge,CB2 3AX,52.20438925,0.1224531102,East of England,magistrates,Cambridge Magistrates' Court
39,cannock_magistrates_court,Cannock,Cannock Magistrates' Court,The Court House,Wolverhampton Road,,Cannock,WS11 1AT,52.68478378,-2.035489967,West Midlands,magistrates,Cannock Magistrates' Court
40,canterbury_magistrates_court_and_family_court,Canterbury,Canterbury Magistrates' Court and Family Court,Broad Street,,,Canterbury,CT1 2UE,51.27870127,1.085773239,South East,"family, magistrates",Canterbury Magistrates' Court and Family Court
41,cardiff_magistrates_court,Cardiff,Cardiff Magistrates' Court,Fitzalan Place,,,Cardiff,CF24 0RZ,51.48210975,-3.166483704,Wales,magistrates,"Cardiff Magistrates' Court, Cardiff and the Vale Magistrates Court"
42,carlisle_magistrates_court,Carlisle,Carlisle Magistrates' Court,The Court House,Rickergate,,Carlisle,CA3 8QH,54.8975208,-2.935533952,North West,magistrates,Carlisle Magistrates' Court
43,carmarthen_magistrates_court_and_family_court,Carmarthen,Carmarthen Magistrates' Court and Family Court,The Guildhall,Guildhall Square,,Carmarthen,SA31 1PR,51.85616654,-4.307644932,Wales,"family, magistrates",Carmarthen Magistrates' Court and Family Court
45,chatham_magistrates_court_and_family_court,Chatham,Chatham Magistrates' Court and Family Court,The Court House,The Brook,,Chatham,ME4 4JZ,51.38412823,0.52690489,South East,"family, magistrates",Chatham Magistrates' Court and Family Court
127,medway_magistrates_court_and_family_court,Chatham,Medway Magistrates' Court and Family Court,The Court House,The Brook,,Chatham,ME4 4JZ,51.38412823,0.52690489,South East,"family, magistrates",Medway Magistrates' Court and Family Court
46,chelmsford_magistrates_court_and_family_court,Chelmsford,Chelmsford Magistrates' Court and Family Court,10 New Street,,,Chelmsford,CM1 1NT,51.73590481,0.4731671656,East of England,"family, magistrates",Chelmsford Magistrates' Court and Family Court
47,cheltenham_magistrates_court_and_family_court,Cheltenham,Cheltenham Magistrates' Court and Family Court,Cheltenham Courthouse,St Georges Road,,Cheltenham,GL50 3PF,51.89898521,-2.083171906,South West,"family, magistrates",Cheltenham Magistrates' Court and Family Court
48,chester_magistrates_court,Chester,Chester Magistrates’ Court,Grosvenor Street,,,Chester,CH1 2XA,53.1876414,-2.893506427,North West,magistrates,Chester Magistrates’ Court
49,chester_le_street_magistrates_court,Chester-le-Street,Chester-le-Street Magistrates' Court,Newcastle Road,,,Chester-le-Street,DH3 3UA,54.86139784,-1.572787885,North East,magistrates,Chester-le-Street Magistrates' Court
50,chichester_magistrates_court,Chichester,Chichester Magistrates' Court,6 Market Avenue,,,Chichester,PO19 1YE,50.8332527,-0.7795166317,South East,magistrates,Chichester Magistrates' Court
51,chippenham_trowbridge_law_courts,Chippenham,Chippenham & Trowbridge Law Courts,Chippenham Law Courts,Pewsham Way,,Chippenham,SN15 3BF,51.45261215,-2.111123773,South West,magistrates,Chippenham & Trowbridge Law Courts
52,chorley_magistrates_court,Chorley,Chorley Magistrates' Court,The Court House,St Thomas’s Square,,Chorley,PR7 1RZ,53.65395434,-2.634517952,North West,magistrates,Chorley Magistrates' Court
54,colchester_magistrates_court,Colchester,Colchester Magistrates' Court,St Botolphs Circus,Magdelen Street,,Colchester,CO2 7EF,51.88650728,0.904373577,East of England,magistrates,Colchester Magistrates' Court
55,consett_magistrates_court,Consett,Consett Magistrates' Court,Ashdale Road,,,Consett,DH8 6LY,54.8575641,-1.830209907,North East,magistrates,Consett Magistrates' Court
56,corby_magistrates_court,Corby,Corby Magistrates' Court,The Court House,Elizabeth Street,,Corby,NN17 1SH,52.48782728,-0.6990434291,East Midlands,magistrates,Corby Magistrates' Court
57,coventry_magistrates_court,Coventry,Coventry Magistrates' Court,Little Park Street,,,Coventry,CV1 2SQ,52.40583378,-1.507627667,West Midlands,magistrates,Coventry Magistrates' Court
58,crawley_magistrates_court_and_family_court,Crawley,Crawley Magistrates' Court and Family Court,The Law Courts,Woodfield Road,,Crawley,RH10 8BF,51.11751065,-0.1827076624,South East,"family, magistrates",Crawley Magistrates' Court and Family Court
59,crewe_south_cheshire_magistrates_court,Crewe,Crewe (South Cheshire) Magistrates’ Court,The Law Courts,Civic Centre,,Crewe,CW1 2DT,53.09768716,-2.438755012,North West,magistrates,Crewe (South Cheshire) Magistrates’ Court
60,croydon_magistrates_court_and_family_court,Croydon,Croydon Magistrates' Court and Family Court,Barclay Road,,,Croydon,CR9 3NG,51.37239633,-0.09398428184,London,"family, magistrates",Croydon Magistrates' Court and Family Court
61,cwmbran_magistrates_court,Cwmbran Torfaen,Cwmbran Magistrates' Court,Tudor Road,,,Cwmbran Torfaen,NP44 3YA,51.65130309,-3.021274788,Wales,magistrates,Cwmbran Magistrates' Court
62,darlington_magistrates_court_and_family_court,Darlington,Darlington Magistrates' Court and Family Court,Parkgate,,,Darlington,DL1 1RU,54.52400804,-1.549849345,North East,"family, magistrates",Darlington Magistrates' Court and Family Court
63,dartford_magistrates_court_and_family_court,Dartford,Dartford Magistrates' Court and Family Court,Session House,Highfield Road,,Dartford,DA1 2JW,51.444585,0.211917,South East,"family, magistrates",Dartford Magistrates' Court and Family Court
64,derby_magistrates_court,Derby,Derby Magistrates' Court,The Court House,St Mary’s Gate,,Derby,DE1 3JR,52.92457639,-1.479587931,East Midlands,magistrates,Derby Magistrates' Court
65,dolgellau_magistrates_court_and_family_court,Dolgellau,Dolgellau Magistrates' Court and Family Court,Courtroom,County Hall,,Dolgellau,LL40 1AU,52.74375374,-3.885204381,Wales,"family, magistrates",Dolgellau Magistrates' Court and Family Court
66,doncaster_magistrates_court_and_family_court,Doncaster,Doncaster Magistrates' Court and Family Court,The Law Courts,College Road,,Doncaster,DN1 3HS,53.51899218,-1.129562761,Yorkshire and The Humber,"family, magistrates",Doncaster Magistrates' Court and Family Court
67,dover_magistrates_court,Dover,Dover Magistrates' Court,Pencester Road,,,Dover,CT16 1BS,51.12790557,1.313685306,South East,magistrates,Dover Magistrates' Court
68,dudley_magistrates_court,Dudley,Dudley Magistrates' Court,Dudley Courthouse,The Inhedge,,Dudley,DY1 1RY,52.50992313,-2.088007578,West Midlands,magistrates,Dudley Magistrates' Court
69,durham_magistrates_court,Durham,Durham Magistrates' Court,Old Elvet,,,Durham,DH1 3HW,54.77408559,-1.567909432,North East,magistrates,Durham Magistrates' Court
73,eastbourne_magistrates_court_and_family_court,Eastbourne,Eastbourne Magistrates' Court and Family Court,The Law Courts,Old Orchard Road,,Eastbourne,BN21 4UN,50.76754663,0.2777400114,South East,"family, magistrates",Eastbourne Magistrates' Court and Family Court
74,exeter_magistrates_court,Exeter,Exeter Magistrates' Court,The Court House,Heavitree Road,,Exeter,EX1 2LS,50.724136,-3.5171622,South West,magistrates,Exeter Magistrates' Court
75,fareham_magistrates_court,Fareham,Fareham Magistrates' Court,The Court House,Trinity Street,,Fareham,PO16 7SB,50.853339,-1.183139,South East,magistrates,Fareham Magistrates' Court
76,feltham_magistrates_court,Feltham,Feltham Magistrates' Court,Hanworth Road,,,Feltham,TW13 5AF,51.447539,-0.4059651485,London,magistrates,Feltham Magistrates' Court
77,fleetwood_magistrates_court_and_family_court,Fleetwood,Fleetwood Magistrates' Court and Family Court,The Esplanade,,,Fleetwood,FY7 6BN,53.92797434,-3.009032328,North West,"family, magistrates",Fleetwood Magistrates' Court and Family Court
78,folkestone_magistrates_court_and_family_court,Folkestone,Folkestone Magistrates' Court and Family Court,The Law Courts,Castle Hill Avenue,,Folkestone,CT20 2DH,51.07884325,1.169220215,South East,"family, magistrates",Folkestone Magistrates' Court and Family Court
79,gateshead_magistrates_court_and_family_court,Gateshead,Gateshead Magistrates' Court and Family Court,Warwick Street,,,Gateshead,NE8 1DT,54.95898456,-1.60030069,North East,"family, magistrates",Gateshead Magistrates' Court and Family Court
80,gloucester_magistrates_court,Gloucester,Gloucester Magistrates' Court,Gloucester Courthouse,Barbican Way,,Gloucester,GL1 2JH,51.86544651,-2.25009088,South West,magistrates,Gloucester Magistrates' Court
81,grantham_magistrates_court,Grantham,Grantham Magistrates' Court,Harlaxton Road,,,Grantham,NG31 7SB,52.90406,-0.650168,East Midlands,magistrates,Grantham Magistrates' Court
82,great_yarmouth_magistrates_court_and_family_court,Great Yarmouth,Great Yarmouth Magistrates' Court and Family Court,Magistrates’ Courthouse,North Quay,,Great Yarmouth,NR30 1PW,52.61317031,1.724932369,East of England,"family, magistrates",Great Yarmouth Magistrates' Court and Family Court
84,grimsby_magistrates_court_and_family_court,Grimsby,Grimsby Magistrates' Court and Family Court,19 Victoria Street,,,Grimsby,DN31 1NR,53.56780175,-0.07893360181,Yorkshire and The Humber,"family, magistrates",Grimsby Magistrates' Court and Family Court
85,guildford_magistrates_court_and_family_court,Guildford,Guildford Magistrates' Court and Family Court,Mary Road,,,Guildford,GU1 4PS,51.23893226,-0.5769265283,South East,"family, magistrates",Guildford Magistrates' Court and Family Court
36,calderdale_halifax_magistrates_court_and_family_court,Halifax,Calderdale (Halifax) Magistrates’ Court and Family Court,Harrison Road,,,Halifax,HX1 2AN,53.72018,-1.863336,North West,"family, magistrates","Calderdale (Halifax) Magistrates’ Court and Family Court, Calderdale Magistrates’ Court and Family Court Hearing Centre"
87,harrogate_magistrates_court_and_family_court,Harrogate,Harrogate Magistrates' Court and Family Court,The Court House,Victoria Avenue,,Harrogate,HG1 1EL,53.9902556,-1.539668757,Yorkshire and The Humber,"family, magistrates",Harrogate Magistrates' Court and Family Court
88,hartlepool_magistrates_court_and_family_hearing_court,Hartlepool,Hartlepool Magistrates' Court and Family Hearing Court,The Law Courts,Victoria Road,,Hartlepool,TS24 8AG,54.6857839,-1.214005289,North East,"family, magistrates",Hartlepool Magistrates' Court and Family Hearing Court
89,hastings_magistrates_court_and_family_court,Hastings,Hastings Magistrates' Court and Family Court,The Law Courts,Horntye Park,Bohemia Road,Hastings,TN34 1ND,50.859393,0.566692,South East,"family, magistrates",Hastings Magistrates' Court and Family Court
90,hatfield_magistrates_court,Hatfield,Hatfield Magistrates' Court,Comet Way,,,Hatfield,AL10 9SJ,51.76590832,-0.2381019786,East of England,magistrates,Hatfield Magistrates' Court
91,haverfordwest_magistrates_court,Haverfordwest,Haverfordwest Magistrates' Court,Penffynnon,Hawthorn Rise,,Haverfordwest,SA61 2AX,51.80100765,-4.980595274,Wales,magistrates,Haverfordwest Magistrates' Court
93,hereford_magistrates_court,Hereford,Hereford Magistrates' Court,The Court House,Bath Street,,Hereford,HR1 2HE,52.05708436,-2.710990096,West Midlands,magistrates,"Hereford Magistrates' Court, Hereford Justice Centre"
94,hertford_magistrates_court_and_family_court,Hertford,Hertford Magistrates' Court and Family Court,Shire Hall,Fore Street,,Hertford,SG14 1DH,51.79634153,-0.07714584092,East of England,"family, magistrates",Hertford Magistrates' Court and Family Court
96,high_wycombe_magistrates_court_and_family_court,High Wycombe,High Wycombe Magistrates' Court and Family Court,Law Courts,Easton Street,,High Wycombe,HP11 1LR,51.62764211,-0.7461425231,South East,"family, magistrates",High Wycombe Magistrates' Court and Family Court
98,hinckley_magistrates_court,Hinckley,Hinckley Magistrates' Court,The Courthouse,Upper Bond Street,,Hinckley,LE10 1NZ,52.544706,-1.373657,East Midlands,magistrates,Hinckley Magistrates' Court
99,holyhead_magistrates_court_and_family_court,Holyhead,Holyhead Magistrates' Court and Family Court,The Law Courts,Stanley Street,,Holyhead,LL65 1HG,53.31152194,-4.632950893,Wales,"family, magistrates",Holyhead Magistrates' Court and Family Court
100,horsham_magistrates_court_and_family_court,Horsham,Horsham Magistrates' Court and Family Court,The Law Courts,Hurst Road,,Horsham,RH12 2ET,51.0685496,-0.32266209,South East,"family, magistrates",Horsham Magistrates' Court and Family Court
103,isles_of_scilly_magistrates_court,Hugh Town,Isles of Scilly Magistrates' Court,Old Wesleyan Chapel,Garrison Lane,,Hugh Town,TR21 0JD,49.91461141,-6.317232616,South West,magistrates,Isles of Scilly Magistrates' Court
6,barkingside_magistrates_court,Ilford,Barkingside Magistrates' Court,850 Cranbrook Road,Barkingside,,Ilford,IG6 1HW,51.58771166,0.08141615292,London,magistrates,Barkingside Magistrates' Court
102,ipswich_magistrates_court_and_family_court,Ipswich,Ipswich Magistrates' Court and Family Court,Elm Street,,,Ipswich,IP1 2AP,52.05686402,1.148893292,East of England,"family, magistrates",Ipswich Magistrates' Court and Family Court
104,kendal_magistrates_court,Kendal,Kendal Magistrates' Court,The Court House,Burneside Road,,Kendal,LA9 4TJ,54.33469866,-2.747967706,North West,magistrates,Kendal Magistrates' Court
105,kettering_magistrates_court,Kettering,Kettering Magistrates' Court,The Court House,London Road,,Kettering,NN15 7QP,52.39729397,-0.7256495675,East Midlands,magistrates,Kettering Magistrates' Court
106,kidderminster_magistrates_court,Kidderminster,Kidderminster Magistrates' Court,Comberton Place,,,Kidderminster,DY10 1QQ,52.38420081,-2.240893707,West Midlands,magistrates,Kidderminster Magistrates' Court
107,king_s_lynn_magistrates_court_and_family_court,King's Lynn,King's Lynn Magistrates' Court and Family Court,The Courthouse,College Lane,,King's Lynn,PE30 1PQ,52.75171227,0.3939889575,East of England,"family, magistrates",King's Lynn Magistrates' Court and Family Court
101,hull_and_holderness_magistrates_court_and_family_court,Hull and Holderness,Hull and Holderness Magistrates' Court and Family Court,The Law Courts,Market Place,,Kingston-upon-Hull,HU1 1RD,53.74106329,-0.3331551658,Yorkshire and The Humber,"family, magistrates",Hull and Holderness Magistrates' Court and Family Court
108,kingston_upon_hull_magistrates_court_and_hearing_centre,Kingston-upon-Hull,Kingston-upon-Hull Magistrates' Court and Hearing Centre,The Law Courts,Market Place,,Kingston-upon-Hull,HU1 1RD,53.74106329,-0.3331551658,Yorkshire and The Humber,magistrates,Kingston-upon-Hull Magistrates' Court and Hearing Centre
109,lancaster_magistrates_court,Lancaster,Lancaster Magistrates' Court,George Street,,,Lancaster,LA1 1XZ,54.04652617,-2.797381087,North West,magistrates,Lancaster Magistrates' Court
111,leamington_spa_magistrates_court,Leamington Spa,Leamington Spa Magistrates' Court,Newbold Terrace,,,Leamington Spa,CV32 4EL,52.28839117,-1.53345724,West Midlands,magistrates,Leamington Spa Magistrates' Court
112,leeds_magistrates_court_and_family_court,Leeds,Leeds Magistrates’ Court and Family Court,Westgate,,,Leeds,LS1 3BY,53.80101141,-1.552856739,Yorkshire and The Humber,"family, magistrates",Leeds Magistrates’ Court and Family Court
113,leicester_magistrates_court,Leicester,Leicester Magistrates' Court,15 Pocklingtons Walk,,,Leicester,LE1 6BT,52.63221179,-1.134435523,East Midlands,magistrates,Leicester Magistrates' Court
114,lincoln_magistrates_court,Lincoln,Lincoln Magistrates' Court,The Court House,358 High Street,,Lincoln,LN5 7QA,53.22459307,-0.5420399214,East Midlands,magistrates,Lincoln Magistrates' Court
115,liverpool_and_knowsley_magistrates_court,Liverpool,Liverpool and Knowsley Magistrates’ Court,Queen Elizabeth II Law Courts,Derby Square,,Liverpool,L2 1XA,53.40406677,-2.989685563,North West,magistrates,Liverpool and Knowsley Magistrates’ Court
116,llandrindod_wells_magistrates_and_family_court,Llandrindod Wells,Llandrindod Wells Magistrates' and Family Court,Noyadd Parks,,,Llandrindod Wells,LD1 5DF,52.25203014,-3.369755082,Wales,"family, magistrates",Llandrindod Wells Magistrates' and Family Court
117,llandudno_magistrates_court_and_family_court,Llandudno,Llandudno Magistrates' Court and Family Court,The Court House,Conwy Road,,Llandudno,LL30 1GA,53.32018664,-3.82329219,Wales,"family, magistrates",Llandudno Magistrates' Court and Family Court
118,llanelli_magistrates_court_and_family_court,Llanelli,Llanelli Magistrates' Court and Family Court,Town Hall Square,,,Llanelli,SA15 3AW,51.68211114,-4.163143538,Wales,"family, magistrates",Llanelli Magistrates' Court and Family Court
13,belmarsh_magistrates_court,Belmarsh,Belmarsh Magistrates' Court,4 Belmarsh Road,Thamesmead,,London,SE28 0FG,51.49724632,0.09697244195,London,magistrates,Belmarsh Magistrates' Court
37,camberwell_green_magistrates_court,Camberwell,Camberwell Green Magistrates' Court,15 D'Eynsford Road,Camberwell Green,,London,SE5 7UP,51.47391431,-0.09672522175,London,magistrates,Camberwell Green Magistrates' Court
53,city_of_london_magistrates_court,City of London,City of London Magistrates' Court,1 Queen Victoria Street,,,London,EC4N 4XY,51.51311257,-0.09006201651,London,magistrates,City of London Magistrates' Court
70,ealing_magistrates_court,Eailing,Ealing Magistrates' Court,The Court House,Green Man Lane,,London,W13 0SD,51.51125434,-0.3231414952,London,magistrates,Ealing Magistrates' Court
83,greenwich_magistrates_court,Greenwich,Greenwich Magistrates' Court,9 Blackheath Road,Greenwich,,London,SE10 8PE,51.47370152,-0.01927800151,London,magistrates,Greenwich Magistrates' Court
86,hammersmith_magistrates_court,Hammersmith,Hammersmith Magistrates' Court,181 Talgarth Road,,,London,W6 8DN,51.49075225,-0.2194740957,London,magistrates,Hammersmith Magistrates' Court
92,hendon_magistrates_court,Hendon,Hendon Magistrates' Court,The Court House,The Hyde,Hendon,London,NW9 7BY,51.58166992,-0.2454536292,London,magistrates,Hendon Magistrates' Court
97,highbury_corner_magistrates_court,Highbury Corner,Highbury Corner Magistrates' Court,51 Holloway Road,,,London,N7 8JA,51.54705751,-0.1054722067,London,magistrates,Highbury Corner Magistrates' Court
110,lavender_hill_magistrates_court,Lavender Hill,Lavender Hill Magistrates’ Court,176a Lavender Hill,Battersea,,London,SW11 1JU,51.46461283,-0.1624733778,London,magistrates,Lavender Hill Magistrates’ Court
183,stratford_magistrates_court_and_family_court,Stratford,Stratford Magistrates' Court and Family Court,The Court House,389-397 High Street,Stratford,London,E15 4SB,51.53915949,0.00030503403,London,"family, magistrates",Stratford Magistrates' Court and Family Court
192,thames_magistrates_court,Thames,Thames Magistrates' Court,58 Bow Road,,,London,E3 4DJ,51.52713629,-0.02356258127,London,magistrates,Thames Magistrates' Court
194,tottenham_magistrates_court,Tottenham,Tottenham Magistrates’ Court,The Court House,Lordship Lane,Tottenham,London,N17 6RT,51.59817174,-0.07295161769,London,magistrates,Tottenham Magistrates’ Court
201,waltham_forest_magistrates_court,Waltham Forest,Waltham Forest Magistrates' Court,The Court House,1 Farnan Avenue,Walthamstow,London,E17 4NX,51.59069158,-0.01478498703,London,magistrates,Waltham Forest Magistrates' Court
209,westminster_magistrates_court,Westminster,Westminster Magistrates' Court,181 Marylebone Road,,,London,NW1 5BR,51.52070786,-0.1641803171,London,magistrates,Westminster Magistrates' Court
212,willesden_magistrates_court,Willesden,Willesden Magistrates' Court,448 High Road,Willesden,,London,NW10 2DZ,51.54935931,-0.2477787015,London,magistrates,Willesden Magistrates' Court
213,wimbledon_magistrates_court,Wimbledon,Wimbledon Magistrates' Court,The Court House,Alexandra Road,Wimbledon,London,SW19 7JP,51.42363282,-0.2036009507,London,magistrates,Wimbledon Magistrates' Court
119,loughborough_magistrates_court,Loughborough,Loughborough Magistrates' Court,60 Pinfold Gate,,,Loughborough,LE11 1AZ,52.77220081,-1.202189689,East Midlands,magistrates,Loughborough Magistrates' Court
120,lowestoft_magistrates_court_and_family_court,Lowestoft,Lowestoft Magistrates' Court and Family Court,Old Nelson Street,,,Lowestoft,NR32 1HJ,52.478351,1.755875,East of England,"family, magistrates",Lowestoft Magistrates' Court and Family Court
121,luton_and_south_bedfordshire_magistrates_court_and_family_court,Luton,Luton and South Bedfordshire Magistrates' Court and Family Court,Stuart Street,,,Luton,LU1 5BL,51.87823369,-0.4202852096,East of England,"family, magistrates",Luton and South Bedfordshire Magistrates' Court and Family Court
122,macclesfield_magistrates_court,Macclesfield,Macclesfield Magistrates' Court,The Law Courts,6-8 Hibel Road,,Macclesfield,SK10 2AB,53.26352038,-2.124977318,North West,magistrates,Macclesfield Magistrates' Court
71,east_berkshire_magistrates_court_maidenhead,Maidenhead,"East Berkshire Magistrates' Court, Maidenhead",Bridge Road,,,Maidenhead,SL6 8PB,51.52494338,-0.7142973511,South East,magistrates,"East Berkshire Magistrates' Court, Maidenhead"
123,maidstone_magistrates_court_and_family_court,Maidstone,Maidstone Magistrates' Court and Family Court,The Courthouse,Palace Avenue,,Maidstone,ME15 6LL,51.27141657,0.5233096942,South East,"family, magistrates",Maidstone Magistrates' Court and Family Court
124,manchester_and_salford_magistrates_court,Manchester,Manchester and Salford Magistrates' Court,Crown Square,,,Manchester,M60 1PR,53.48011573,-2.25220132,North West,magistrates,Manchester and Salford Magistrates' Court
125,mansfield_magistrates_court_county_court_and_family_court,Mansfield,"Mansfield Magistrates' Court, County Court and Family Court",Rosemary Street,,,Mansfield,NG19 6EE,53.14871144,-1.205622743,East Midlands,"family, magistrates","Mansfield Magistrates' Court, County Court and Family Court"
126,margate_magistrates_court,Margate,Margate Magistrates' Court,The Courthouse,Cecil Square,,Margate,CT9 1RL,51.38756174,1.381806922,South East,magistrates,Margate Magistrates' Court
166,sefton_magistrates_court,Merseyside,Sefton Magistrates' Court,29 Merton Road,Bootle,,Merseyside,L20 3XX,53.44892623,-2.989102137,North West,magistrates,Sefton Magistrates' Court
190,teesside_magistrates_court_and_family_court,Middlesborough,Teesside Magistrates' Court and Family Court,Victoria Square,,,Middlesborough,TS1 2AS,54.5735245,-1.234574368,North East,"family, magistrates",Teesside Magistrates' Court and Family Court
128,milton_keynes_magistrates_court_and_family_court,Milton Keynes,Milton Keynes Magistrates' Court and Family Court,301 Silbury Boulevard,Witan Gate East,,Milton Keynes,MK9 2AJ,52.04103914,-0.7662922297,South East,"family, magistrates",Milton Keynes Magistrates' Court and Family Court
129,mold_magistrates_court_and_family_court,Mold,Mold Magistrates' Court and Family Court,The Law Courts,,,Mold,CH7 1AE,53.17699771,-3.137170822,Wales,"family, magistrates",Mold Magistrates' Court and Family Court
219,wrexham_magistrates_court_and_family_court,Mold,Wrexham Magistrates' Court and Family Court,The Law Courts,Civic Centre,,Mold,CH7 1AE,53.17699771,-3.137170822,Wales,"family, magistrates",Wrexham Magistrates' Court and Family Court
206,west_berkshire_magistrates_court_newbury,Newbury,"West Berkshire Magistrates' Court, Newbury",The Court House,Mill Lane,,Newbury,RG14 5QS,51.40089503,-1.318055123,South East,magistrates,"West Berkshire Magistrates' Court, Newbury"
136,north_staffordshire_justice_centre,Newcastle-under-Lyme,North Staffordshire Justice Centre,The Court House,Ryecroft,,Newcastle-under-Lyme,ST5 2AA,53.01330886,-2.225233055,West Midlands,magistrates,North Staffordshire Justice Centre
130,newcastle_upon_tyne_magistrates_court,Newcastle-upon-Tyne,Newcastle-Upon-Tyne Magistrates' Court,Market Street,,,Newcastle-upon-Tyne,NE99 1AU,54.96746232,-1.615383314,North East,magistrates,Newcastle-Upon-Tyne Magistrates' Court
131,newport_magistrates_court,Newport,Newport Magistrates' Court,Usk Way,,,Newport,NP20 2GE,51.58241944,-2.986461969,Wales,magistrates,Newport Magistrates' Court
132,newton_abbot_magistrates_court,Newton Abbot,Newton Abbot Magistrates' Court,The Court House,Newfoundland Way,,Newton Abbot,TQ12 1NG,50.52864177,-3.612468805,South West,magistrates,Newton Abbot Magistrates' Court
133,newton_aycliffe_magistrates_court_and_family_court,Newton Aycliffe,Newton Aycliffe Magistrates' Court and Family Court,Central Avenue,,,Newton Aycliffe,DL5 5RT,54.62036541,-1.569631756,North East,"family, magistrates",Newton Aycliffe Magistrates' Court and Family Court
137,north_tyneside_magistrates_court,North Shields,North Tyneside Magistrates' Court,The Courthouse,Tynemouth Road,,North Shields,NE30 1AG,55.01143154,-1.443301569,North East,magistrates,North Tyneside Magistrates' Court
138,northallerton_magistrates_court_and_family_court,Northallerton,Northallerton Magistrates' Court and Family Court,3 Racecourse Lane,,,Northallerton,DL7 8QZ,54.33348805,-1.435885,Yorkshire and The Humber,"family, magistrates",Northallerton Magistrates' Court and Family Court
139,northampton_magistrates_court,Northampton,Northampton Magistrates' Court,Campbell Square,,,Northampton,NN1 3EB,52.24129993,-0.8956633943,East Midlands,magistrates,Northampton Magistrates' Court
140,norwich_magistrates_court_and_family_court,Norwich,Norwich Magistrates' Court and Family Court,Bishopgate,,,Norwich,NR3 1UP,52.63414636,1.301035962,East of England,"family, magistrates",Norwich Magistrates' Court and Family Court
141,nottingham_justice_centre,Nottingham,Nottingham Justice Centre,Carrington Street,,,Nottingham,NG2 1EE,52.94718614,-1.149400831,East Midlands,magistrates,Nottingham Justice Centre
142,nuneaton_magistrates_court,Nuneaton,Nuneaton Magistrates' Court,Vicarage Street,,,Nuneaton,CV11 4JU,52.52295825,-1.462590384,West Midlands,magistrates,"Nuneaton Magistrates' Court, Warwickshire Justice Centre"
163,sandwell_magistrates_court,Oldbury,Sandwell Magistrates’ Court,The Court House,Oldbury Ringway,,Oldbury,B69 4JN,52.50222403,-2.011358755,West Midlands,magistrates,Sandwell Magistrates’ Court
143,oldham_magistrates_court,Oldham,Oldham Magistrates' Court,St Domingo Place,West Street,,Oldham,OL1 1QE,53.541739,-2.116999,North West,magistrates,Oldham Magistrates' Court
144,ormskirk_magistrates_court,Ormskirk,Ormskirk Magistrates' Court,Derby Street,,,Ormskirk,L39 2BJ,53.56875576,-2.883447612,North West,magistrates,Ormskirk Magistrates' Court
145,oxford_and_southern_oxfordshire_magistrates_court_and_family_court,Oxford,Oxford and Southern Oxfordshire Magistrates' Court and Family Court,The Court House,Speedwell Street,,Oxford,OX1 1RZ,51.75023316,-1.267366867,South East,"family, magistrates",Oxford and Southern Oxfordshire Magistrates' Court and Family Court
146,peterborough_magistrates_court,Peterborough,Peterborough Magistrates' Court,The Court House,Bridge Street,,Peterborough,PE1 1ED,52.56980726,-0.2415432691,East of England,magistrates,Peterborough Magistrates' Court
147,peterlee_magistrates_court,Peterlee,Peterlee Magistrates' Court,St Aidans Way,,,Peterlee,SR8 1QR,54.75579763,-1.336910666,North East,magistrates,Peterlee Magistrates' Court
148,plymouth_magistrates_court,Plymouth,Plymouth Magistrates' Court,St Andrews Street,,,Plymouth,PL1 2DP,50.36929378,-4.1395755,South West,magistrates,Plymouth Magistrates' Court
149,pontypridd_magistrates_court_and_family_court,Pontypridd,Pontypridd Magistrates' Court and Family Court,Union Street,,,Pontypridd,CF37 1SD,51.598377,-3.340797,Wales,"family, magistrates",Pontypridd Magistrates' Court and Family Court
150,poole_magistrates_court,Poole,Poole Magistrates' Court,The Law Courts,Park Road,,Poole,BH15 2NS,50.72206808,-1.960934052,South West,magistrates,Poole Magistrates' Court
151,portsmouth_magistrates_court,Portsmouth,Portsmouth Magistrates' Court,The Law Courts,Winston Churchill Avenue,,Portsmouth,PO1 2DQ,50.79586186,-1.089926403,South East,magistrates,Portsmouth Magistrates' Court
152,prestatyn_magistrates_court_and_family_court,Prestatyn,Prestatyn Magistrates' Court and Family Court,Victoria Road,,,Prestatyn,LL19 7TE,53.33658019,-3.416431562,Wales,"family, magistrates",Prestatyn Magistrates' Court and Family Court
153,preston_magistrates_court,Preston,Preston Magistrates' Court,Lawson Street,,,Preston,PR1 2QT,53.76348435,-2.70236907,North West,magistrates,Preston Magistrates' Court
154,reading_magistrates_court_and_family_court,Reading,Reading Magistrates' Court and Family Court,Civic Centre,,,Reading,RG1 7TQ,51.45334394,-0.9757418178,South East,"family, magistrates",Reading Magistrates' Court and Family Court
155,redditch_magistrates_court,Redditch,Redditch Magistrates' Court,Grove Street,,,Redditch,B98 8DB,52.30612545,-1.937242253,West Midlands,magistrates,Redditch Magistrates' Court
156,redhill_magistrates_court_and_family_court,Redhill,Redhill Magistrates' Court and Family Court,The Law Courts,Hatchlands Road,,Redhill,RH1 6DH,51.23851741,-0.1819975447,South East,"family, magistrates",Redhill Magistrates' Court and Family Court
157,reedley_magistrates_court_and_family_court,Reedley,Reedley Magistrates' Court and Family Court,The Court House,Colne Road,,Reedley,BB10 2LJ,53.81806267,-2.234786037,North West,"family, magistrates",Reedley Magistrates' Court and Family Court
158,richmond_upon_thames_magistrates_court,Richmond-upon-Thames,Richmond-upon-Thames Magistrates' Court,Parkshot,,,Richmond-upon-Thames,TW9 2RF,51.463815,-0.303474,London,magistrates,Richmond-upon-Thames Magistrates' Court
159,romford_magistrates_court,Romford,Romford Magistrates' Court,Main Road,,,Romford,RM1 3BH,51.58175952,0.1857059433,London,magistrates,Romford Magistrates' Court
160,rotherham_magistrates_court_and_family_court,Rotherham,Rotherham Magistrates' Court and Family Court,The Statutes,,,Rotherham,S60 1RX,53.430396,-1.360974272,Yorkshire and The Humber,"family, magistrates",Rotherham Magistrates' Court and Family Court
179,staffs_central_finance_and_enforcement_unit,Rugeley,Staffs Central Finance and Enforcement Unit,The Court House,Bryans Lane,,Rugeley,WS15 2FX,52.76181962,-1.932383366,West Midlands,magistrates,Staffs Central Finance and Enforcement Unit
161,runcorn_halton_magistrates_court,Runcorn,Runcorn (Halton) Magistrates' Court,The Court House,Halton Lea,,Runcorn,WA7 2HA,53.32909561,-2.696217261,North West,magistrates,Runcorn (Halton) Magistrates' Court
195,trafford_magistrates_court,Sale,Trafford Magistrates' Court,Ashton Lane,,,Sale,M33 7NR,53.42631364,-2.325276885,North West,magistrates,Trafford Magistrates' Court
162,salisbury_law_courts,Salisbury,Salisbury Law Courts,Wilton Road,,,Salisbury,SP2 7EP,51.07337973,-1.810385948,South West,magistrates,Salisbury Law Courts
164,scarborough_justice_centre,Scarborough,Scarborough Justice Centre,The Law Courts,Northway,,Scarborough,YO12 7AE,54.28152051,-0.4080325761,Yorkshire and The Humber,magistrates,Scarborough Justice Centre
165,scunthorpe_magistrates_court_and_family_court,Scunthorpe,Scunthorpe Magistrates' Court and Family Court,Laneham Street,,,Scunthorpe,DN15 6RY,53.59002766,-0.6482893175,Yorkshire and The Humber,"family, magistrates",Scunthorpe Magistrates' Court and Family Court
167,sevenoaks_magistrates_court_and_family_court,Sevenoaks,Sevenoaks Magistrates' Court and Family Court,The Courthouse,Morewood Close,London Road,Sevenoaks,TN13 2HU,51.28008385,0.1772759037,South East,"family, magistrates",Sevenoaks Magistrates' Court and Family Court
168,sheffield_magistrates_court,Sheffield,Sheffield Magistrates' Court,Castle Street,,,Sheffield,S3 8LU,53.38519097,-1.465030121,Yorkshire and The Humber,magistrates,Sheffield Magistrates' Court
169,shrewsbury_magistrates_court,Shrewsbury,Shrewsbury Magistrates' Court,The Court House,Preston Street,,Shrewsbury,SY2 5NX,52.70495379,-2.729809918,West Midlands,magistrates,Shrewsbury Magistrates' Court
170,skegness_magistrates_court,Skegness,Skegness Magistrates' Court,The Court House,Park Avenue,,Skegness,PE25 1BH,53.148591,0.34484,North East,magistrates,Skegness Magistrates' Court
171,skipton_magistrates_court,Skipton,Skipton Magistrates' Court,The Court House,Otley Street,,Skipton,BD23 1RH,53.96131496,-2.013208631,Yorkshire and The Humber,magistrates,Skipton Magistrates' Court
72,east_berkshire_magistrates_court_slough,Slough,"East Berkshire Magistrates' Court, Slough",Law Courts,Chalvey Park,Off Windsor Road,Slough,SL1 2HJ,51.50740869,-0.598103733,South East,magistrates,"East Berkshire Magistrates' Court, Slough"
172,solihull_magistrates_court,Solihull,Solihull Magistrates' Court,,,,Solihull,UNKNOWN,52.483555,-1.893413,West Midlands,magistrates,Solihull Magistrates' Court
173,south_tyneside_magistrates_court_and_family_court,South Shields,South Tyneside Magistrates' Court and Family Court,Millbank,Secretan Way,,South Shields,NE33 1RG,54.99312412,-1.438881586,North East,"family, magistrates",South Tyneside Magistrates' Court and Family Court
207,west_hampshire_magistrates_court,Southampton,West Hampshire Magistrates' Court,Southampton Courthouse,100 The Avenue,,Southampton,SO17 1EY,50.91433709,-1.40291206,South East,magistrates,West Hampshire Magistrates' Court
175,southend_magistrates_court_and_family_court,Southend-on-Sea,Southend Magistrates' Court and Family Court,The Court House,80 Victoria Avenue,,Southend-on-Sea,SS2 6EU,51.54372725,0.7097286771,East of England,"family, magistrates",Southend Magistrates' Court and Family Court
176,st_albans_magistrates_court_and_family_court,St Albans,St Albans Magistrates' Court and Family Court,The Civic Centre,St Peter's Street,,St Albans,AL1 3LB,51.75249167,-0.3367938222,East of England,"family, magistrates",St. Albans Magistrates' Court and Family Court
177,st_helens_magistrates_court,St Helens,St Helens Magistrates' Court,The Courthouse,Corporation Street,,St Helens,WA10 1SZ,53.45493784,-2.736751661,North West,magistrates,St. Helens Magistrates' Court
178,stafford_magistrates_court,Stafford,Stafford Magistrates' Court,The Court House,South Walls,,Stafford,ST16 3DW,52.805928,-2.113645,West Midlands,magistrates,Stafford Magistrates' Court
180,staines_magistrates_court_and_family_court,Staines,Staines Magistrates' Court and Family Court,The Law Courts,Knowle Green,,Staines,TW18 1XH,51.42909852,-0.4980956141,South East,"family, magistrates",Staines Magistrates' Court and Family Court
181,stevenage_magistrates_court,Stevenage,Stevenage Magistrates' Court,The Court House,Danesgate,,Stevenage,SG1 1XH,51.90115528,-0.2041362241,East of England,magistrates,Stevenage Magistrates' Court
182,stockport_magistrates_court_and_family_court,Stockport,Stockport Magistrates' Court and Family Court,The Courthouse,Edward Street,,Stockport,SK1 3DQ,53.4063686,-2.155254851,North West,"family, magistrates",Stockport Magistrates' Court and Family Court
184,stroud_magistrates_court,Stroud,Stroud Magistrates' Court,Stroud Courthouse,Parliament Street,,Stroud,GL5 1ET,51.745583,-2.214158,South West,magistrates,Stroud Magistrates' Court
185,sunderland_magistrates_court_and_family_court,Sunderland,Sunderland Magistrates' Court and Family Court,Gillbridge Avenue,,,Sunderland,SR1 3AP,54.90718218,-1.38754785,North East,"family, magistrates",Sunderland Magistrates' Court and Family Court
186,swansea_magistrates_court_and_family_court,Swansea,Swansea Magistrates' Court and Family Court,Grove Place,,,Swansea,SA1 5DB,51.62188577,-3.945380306,Wales,"family, magistrates",Swansea Magistrates' Court and Family Court
187,swindon_magistrates_court,Swindon,Swindon Magistrates' Court,Princes Street,,,Swindon,SN1 2JB,51.56101466,-1.78108927,South West,magistrates,Swindon Magistrates' Court
189,taunton_magistrates_court,Taunton,Taunton Magistrates' Court,St John’s Road,,,Taunton,TA1 4AX,51.01430161,-3.109670555,South West,magistrates,Taunton Magistrates' Court
208,west_somerset_magistrates_court,Taunton,West Somerset Magistrates' Court,St John's Road,,,Taunton,TA1 4AX,51.01430161,-3.109670555,South West,magistrates,West Somerset Magistrates' Court
191,telford_magistrates_court,Telford,Telford Magistrates' Court,Telford Square,Malinsgate,,Telford,TF3 4HX,52.67796234,-2.450849324,West Midlands,magistrates,Telford Magistrates' Court
193,torquay_magistrates_court,Torquay,Torquay Magistrates' Court,The Court House,Union Street,,Torquay,TQ1 4BP,50.46943682,-3.533935664,South West,magistrates,Torquay Magistrates' Court
196,truro_magistrates_court,Truro,Truro Magistrates' Court,The Court House,Tremorvah Wood Lane,Mitchell Hill,Truro,TR1 1HZ,50.26833456,-5.044021544,South West,magistrates,Truro Magistrates' Court
197,uxbridge_magistrates_court,Uxbridge,Uxbridge Magistrates' Court,The Court House,Harefield Road,,Uxbridge,UB8 1PQ,51.54947105,-0.481587327,London,magistrates,Uxbridge Magistrates' Court
199,wakefield_pontefract_magistrates_court,Wakefield,Wakefield & Pontefract Magistrates' Court,1 Mulberry Way,,,Wakefield,WF1 2QN,53.68328153,-1.506199029,Yorkshire and The Humber,magistrates,Wakefield & Pontefract Magistrates' Court
200,walsall_magistrates_court,Walsall,Walsall Magistrates' Court,Stafford Street,,,Walsall,WS2 8HA,52.58893089,-1.985624464,West Midlands,magistrates,Walsall Magistrates' Court
202,warrington_magistrates_court,Warrington,Warrington Magistrates' Court,Arpley Street,,,Warrington,WA1 1LQ,53.386265,-2.60097,North West,magistrates,"Warrington Magistrates' Court, North Cheshire Magistrates’ Court"
203,watford_magistrates_court_and_family_court,Watford,Watford Magistrates' Court and Family Court,Clarendon Road,,,Watford,WD17 1ST,51.661808,-0.397691,South East,"family, magistrates",Watford Magistrates' Court and Family Court
204,wellingborough_magistrates_court_and_family_court,Wellingborough,Wellingborough Magistrates' Court and Family Court,The Court House,Midland Road,,Wellingborough,NN8 1HF,52.30157445,-0.6891093747,East Midlands,"family, magistrates",Wellingborough Magistrates' Court and Family Court
205,welshpool_magistrates_court_and_family_court,Welshpool,Welshpool Magistrates' Court and Family Court,Mansion House,24 Severn Street,,Welshpool,SY21 7UX,52.65902719,-3.146283877,Wales,"family, magistrates",Welshpool Magistrates' Court and Family Court
135,north_somerset_magistrates_court,Weston-Super-Mare,North Somerset Magistrates' Court,The Hedges,St Georges,,Weston-Super-Mare,BS22 7BB,51.36071811,-2.905079089,South West,magistrates,North Somerset Magistrates' Court
210,weymouth_magistrates_court,Weymouth,Weymouth Magistrates' Court,The Law Courts,Westwey Road,,Weymouth,DT4 8BS,50.60840563,-2.460105384,South West,magistrates,Weymouth Magistrates' Court
211,wigan_and_leigh_magistrates_court,Wigan,Wigan and Leigh Magistrates' Court,Darlington Street,,,Wigan,WN1 1DW,53.54299901,-2.626428137,North West,magistrates,Wigan and Leigh Magistrates' Court
215,wolverhampton_magistrates_court,Wolverhampton,Wolverhampton Magistrates' Court,The Law Courts,North Street,,Wolverhampton,WV1 1RA,52.58618114,-2.130210993,West Midlands,magistrates,Wolverhampton Magistrates' Court
174,south_worcestershire_magistrates_court,Worcester (South Worcestershire),South Worcestershire Magistrates' Court,Castle Street,,,Worcester,WR1 3QZ,52.19693021,-2.224341416,West Midlands,magistrates,South Worcestershire Magistrates' Court
216,worcester_magistrates_court,Worcester,Worcester Magistrates' Court,Castle Street,,,Worcester,WR1 3QZ,52.19693021,-2.224341416,West Midlands,magistrates,Worcester Magistrates' Court
217,worksop_magistrates_court,Worksop,Worksop Magistrates' Court,The Court House,30 Potter Street,,Worksop,S80 2AJ,53.301973,-1.122231,East Midlands,magistrates,Worksop Magistrates' Court
218,worthing_magistrates_court,Worthing,Worthing Magistrates' Court,The Law Courts,Christchurch Road,,Worthing,BN11 1JE,50.81416062,-0.374064814,South East,magistrates,Worthing Magistrates' Court
220,yeovil_magistrates_court,Yeovil,Yeovil Magistrates' Court,The Law Courts,Petters Way,,Yeovil,BA20 1SW,50.93962751,-2.633787624,South West,magistrates,Yeovil Magistrates' Court
221,york_magistrates_court_and_family_court,York,York Magistrates' Court and Family Court,Law Courts,Clifford Street,,York,YO1 9RE,53.95641537,-1.081907862,Yorkshire and The Humber,"family, magistrates",York Magistrates' Court and Family Court